Alpha-3 code,Country,Country Code,Country_Orig,Income group,Income group (group),Region
OMN,Oman,OM,Oman,High income,High income countries,Middle East & North Africa
BEL,Belgium,BE,Belgium,High income,High income countries,Europe & Central Asia
IRN,Iran (Islamic Republic of),IR,"Iran, Islamic Rep.",Upper middle income,Middle income countries,Middle East & North Africa
NOR,Norway,NO,Norway,High income,High income countries,Europe & Central Asia
CMR,Cameroon,CM,Cameroon,Lower middle income,Middle income countries,Sub-Saharan Africa
SOM,Somalia,SO,Somalia,Low income,Low income countries,Sub-Saharan Africa
IRQ,Iraq,IQ,Iraq,Upper middle income,Middle income countries,Middle East & North Africa
DZA,Algeria,DZ,Algeria,Lower middle income,Middle income countries,Middle East & North Africa
PHL,Philippines (the),PH,Philippines,Lower middle income,Middle income countries,East Asia & Pacific
PRI,Puerto Rico,PR,Puerto Rico,High income,High income countries,Latin America & Caribbean
MMR,Myanmar,MM,Myanmar,Lower middle income,Middle income countries,East Asia & Pacific
PNG,Papua New Guinea,PG,Papua New Guinea,Lower middle income,Middle income countries,East Asia & Pacific
BRA,Brazil,BR,Brazil,Upper middle income,Middle income countries,Latin America & Caribbean
TJK,Tajikistan,TJ,Tajikistan,Low income,Low income countries,Europe & Central Asia
IRL,Ireland,IE,Ireland,High income,High income countries,Europe & Central Asia
TKM,Turkmenistan,TM,Turkmenistan,Upper middle income,Middle income countries,Europe & Central Asia
USA,United States of America (the),US,United States,High income,High income countries,North America
AND,Andorra,AD,Andorra,High income,High income countries,Europe & Central Asia
LBN,Lebanon,LB,Lebanon,Upper middle income,Middle income countries,Middle East & North Africa
MNG,Mongolia,MN,Mongolia,Lower middle income,Middle income countries,East Asia & Pacific
PSE,"Palestine, State of",PS,West Bank and Gaza,Lower middle income,Middle income countries,Middle East & North Africa
NGA,Nigeria,NG,Nigeria,Lower middle income,Middle income countries,Sub-Saharan Africa
BTN,Bhutan,BT,Bhutan,Lower middle income,Middle income countries,South Asia
ALB,Albania,AL,Albania,Upper middle income,Middle income countries,Europe & Central Asia
HTI,Haiti,HT,Haiti,Low income,Low income countries,Latin America & Caribbean
KEN,Kenya,KE,Kenya,Lower middle income,Middle income countries,Sub-Saharan Africa
SLV,El Salvador,SV,El Salvador,Lower middle income,Middle income countries,Latin America & Caribbean
PAK,Pakistan,PK,Pakistan,Lower middle income,Middle income countries,South Asia
MWI,Malawi,MW,Malawi,Low income,Low income countries,Sub-Saharan Africa
TGO,Togo,TG,Togo,Low income,Low income countries,Sub-Saharan Africa
UZB,Uzbekistan,UZ,Uzbekistan,Lower middle income,Middle income countries,Europe & Central Asia
GMB,Gambia (the),GM,"Gambia, The",Low income,Low income countries,Sub-Saharan Africa
LSO,Lesotho,LS,Lesotho,Lower middle income,Middle income countries,Sub-Saharan Africa
AZE,Azerbaijan,AZ,Azerbaijan,Upper middle income,Middle income countries,Europe & Central Asia
VEN,Venezuela (Bolivarian Republic of),VE,"Venezuela, RB",Upper middle income,Middle income countries,Latin America & Caribbean
THA,Thailand,TH,Thailand,Upper middle income,Middle income countries,East Asia & Pacific
ITA,Italy,IT,Italy,High income,High income countries,Europe & Central Asia
TON,Tonga,TO,Tonga,Upper middle income,Middle income countries,East Asia & Pacific
DJI,Djibouti,DJ,Djibouti,Lower middle income,Middle income countries,Middle East & North Africa
RUS,Russian Federation (the),RU,Russian Federation,Upper middle income,Middle income countries,Europe & Central Asia
LBY,Libya,LY,Libya,Upper middle income,Middle income countries,Middle East & North Africa
MLI,Mali,ML,Mali,Low income,Low income countries,Sub-Saharan Africa
CRI,Costa Rica,CR,Costa Rica,Upper middle income,Middle income countries,Latin America & Caribbean
JAM,Jamaica,JM,Jamaica,Upper middle income,Middle income countries,Latin America & Caribbean
TUR,Turkey,TR,Turkey,Upper middle income,Middle income countries,Europe & Central Asia
VIR,Virgin Islands (U.S.),VI,Virgin Islands (U.S.),High income,High income countries,Latin America & Caribbean
SYC,Seychelles,SC,Seychelles,High income,High income countries,Sub-Saharan Africa
BGR,Bulgaria,BG,Bulgaria,Upper middle income,Middle income countries,Europe & Central Asia
AGO,Angola,AO,Angola,Lower middle income,Middle income countries,Sub-Saharan Africa
TLS,Timor-Leste,TL,Timor-Leste,Lower middle income,Middle income countries,East Asia & Pacific
HND,Honduras,HN,Honduras,Lower middle income,Middle income countries,Latin America & Caribbean
BHR,Bahrain,BH,Bahrain,High income,High income countries,Middle East & North Africa
GUY,Guyana,GY,Guyana,Upper middle income,Middle income countries,Latin America & Caribbean
IND,India,IN,India,Lower middle income,Middle income countries,South Asia
LAO,Lao People's Democratic Republic (the),LA,Lao PDR,Lower middle income,Middle income countries,East Asia & Pacific
TCD,Chad,TD,Chad,Low income,Low income countries,Sub-Saharan Africa
SVN,Slovenia,SI,Slovenia,High income,High income countries,Europe & Central Asia
CHN,China,CN,China,Upper middle income,Middle income countries,East Asia & Pacific
BRN,Brunei Darussalam,BN,Brunei Darussalam,High income,High income countries,East Asia & Pacific
LVA,Latvia,LV,Latvia,High income,High income countries,Europe & Central Asia
MYS,Malaysia,MY,Malaysia,Upper middle income,Middle income countries,East Asia & Pacific
ISR,Israel,IL,Israel,High income,High income countries,Middle East & North Africa
BDI,Burundi,BI,Burundi,Low income,Low income countries,Sub-Saharan Africa
COL,Colombia,CO,Colombia,Upper middle income,Middle income countries,Latin America & Caribbean
NLD,Netherlands (the),NL,Netherlands,High income,High income countries,Europe & Central Asia
BLR,Belarus,BY,Belarus,Upper middle income,Middle income countries,Europe & Central Asia
SLE,Sierra Leone,SL,Sierra Leone,Low income,Low income countries,Sub-Saharan Africa
ERI,Eritrea,ER,Eritrea,Low income,Low income countries,Sub-Saharan Africa
GEO,Georgia,GE,Georgia,Upper middle income,Middle income countries,Europe & Central Asia
QAT,Qatar,QA,Qatar,High income,High income countries,Middle East & North Africa
FJI,Fiji,FJ,Fiji,Upper middle income,Middle income countries,East Asia & Pacific
ZAF,South Africa,ZA,South Africa,Upper middle income,Middle income countries,Sub-Saharan Africa
GUM,Guam,GU,Guam,High income,High income countries,East Asia & Pacific
SVK,Slovakia,SK,Slovak Republic,High income,High income countries,Europe & Central Asia
NZL,New Zealand,NZ,New Zealand,High income,High income countries,East Asia & Pacific
FSM,Micronesia (Federated States of),FM,"Micronesia, Fed. Sts.",Lower middle income,Middle income countries,East Asia & Pacific
ROU,Romania,RO,Romania,High income,High income countries,Europe & Central Asia
MAR,Morocco,MA,Morocco,Lower middle income,Middle income countries,Middle East & North Africa
LKA,Sri Lanka,LK,Sri Lanka,Lower middle income,Middle income countries,South Asia
FIN,Finland,FI,Finland,High income,High income countries,Europe & Central Asia
MDV,Maldives,MV,Maldives,Upper middle income,Middle income countries,South Asia
AFG,Afghanistan,AF,Afghanistan,Low income,Low income countries,South Asia
PRT,Portugal,PT,Portugal,High income,High income countries,Europe & Central Asia
MUS,Mauritius,MU,Mauritius,High income,High income countries,Sub-Saharan Africa
BOL,Bolivia (Plurinational State of),BO,Bolivia,Lower middle income,Middle income countries,Latin America & Caribbean
BEN,Benin,BJ,Benin,Lower middle income,Middle income countries,Sub-Saharan Africa
KOR,Korea (the Republic of),KR,"Korea, Rep.",High income,High income countries,East Asia & Pacific
CIV,Côte d'Ivoire,CI,Cote d'Ivoire,Lower middle income,Middle income countries,Sub-Saharan Africa
BWA,Botswana,BW,Botswana,Upper middle income,Middle income countries,Sub-Saharan Africa
DNK,Denmark,DK,Denmark,High income,High income countries,Europe & Central Asia
MRT,Mauritania,MR,Mauritania,Lower middle income,Middle income countries,Sub-Saharan Africa
SAU,Saudi Arabia,SA,Saudi Arabia,High income,High income countries,Middle East & North Africa
CPV,Cabo Verde,CV,Cabo Verde,Lower middle income,Middle income countries,Sub-Saharan Africa
LUX,Luxembourg,LU,Luxembourg,High income,High income countries,Europe & Central Asia
IDN,Indonesia,ID,Indonesia,Upper middle income,Middle income countries,East Asia & Pacific
EST,Estonia,EE,Estonia,High income,High income countries,Europe & Central Asia
CAN,Canada,CA,Canada,High income,High income countries,North America
WSM,Samoa,WS,Samoa,Upper middle income,Middle income countries,East Asia & Pacific
ARM,Armenia,AM,Armenia,Upper middle income,Middle income countries,Europe & Central Asia
GIN,Guinea,GN,Guinea,Low income,Low income countries,Sub-Saharan Africa
PAN,Panama,PA,Panama,High income,High income countries,Latin America & Caribbean
BRB,Barbados,BB,Barbados,High income,High income countries,Latin America & Caribbean
MDG,Madagascar,MG,Madagascar,Low income,Low income countries,Sub-Saharan Africa
MNE,Montenegro,ME,Montenegro,Upper middle income,Middle income countries,Europe & Central Asia
MKD,Republic of North Macedonia,MK,North Macedonia,Upper middle income,Middle income countries,Europe & Central Asia
GRL,Greenland,GL,Greenland,High income,High income countries,Europe & Central Asia
BGD,Bangladesh,BD,Bangladesh,Lower middle income,Middle income countries,South Asia
BLZ,Belize,BZ,Belize,Upper middle income,Middle income countries,Latin America & Caribbean
DOM,Dominican Republic (the),DO,Dominican Republic,Upper middle income,Middle income countries,Latin America & Caribbean
ZWE,Zimbabwe,ZW,Zimbabwe,Lower middle income,Middle income countries,Sub-Saharan Africa
VUT,Vanuatu,VU,Vanuatu,Lower middle income,Middle income countries,East Asia & Pacific
ECU,Ecuador,EC,Ecuador,Upper middle income,Middle income countries,Latin America & Caribbean
NIC,Nicaragua,NI,Nicaragua,Lower middle income,Middle income countries,Latin America & Caribbean
BFA,Burkina Faso,BF,Burkina Faso,Low income,Low income countries,Sub-Saharan Africa
MLT,Malta,MT,Malta,High income,High income countries,Middle East & North Africa
PER,Peru,PE,Peru,Upper middle income,Middle income countries,Latin America & Caribbean
HUN,Hungary,HU,Hungary,High income,High income countries,Europe & Central Asia
DEU,Germany,DE,Germany,High income,High income countries,Europe & Central Asia
GBR,United Kingdom of Great Britain and Northern Ireland (the),GB,United Kingdom,High income,High income countries,Europe & Central Asia
UKR,Ukraine,UA,Ukraine,Lower middle income,Middle income countries,Europe & Central Asia
HRV,Croatia,HR,Croatia,High income,High income countries,Europe & Central Asia
MHL,Marshall Islands (the),MH,Marshall Islands,Upper middle income,Middle income countries,East Asia & Pacific
ARE,United Arab Emirates (the),AE,United Arab Emirates,High income,High income countries,Middle East & North Africa
KWT,Kuwait,KW,Kuwait,High income,High income countries,Middle East & North Africa
KIR,Kiribati,KI,Kiribati,Lower middle income,Middle income countries,East Asia & Pacific
GNB,Guinea-Bissau,GW,Guinea-Bissau,Low income,Low income countries,Sub-Saharan Africa
COG,Congo (the),CG,"Congo, Rep.",Lower middle income,Middle income countries,Sub-Saharan Africa
MDA,Moldova (the Republic of),MD,Moldova,Lower middle income,Middle income countries,Europe & Central Asia
EGY,Egypt,EG,"Egypt, Arab Rep.",Lower middle income,Middle income countries,Middle East & North Africa
URY,Uruguay,UY,Uruguay,High income,High income countries,Latin America & Caribbean
UGA,Uganda,UG,Uganda,Low income,Low income countries,Sub-Saharan Africa
COD,Congo (the Democratic Republic of the),CD,"Congo, Dem. Rep.",Low income,Low income countries,Sub-Saharan Africa
MOZ,Mozambique,MZ,Mozambique,Low income,Low income countries,Sub-Saharan Africa
ASM,American Samoa,AS,American Samoa,Upper middle income,Middle income countries,East Asia & Pacific
MEX,Mexico,MX,Mexico,Upper middle income,Middle income countries,Latin America & Caribbean
POL,Poland,PL,Poland,High income,High income countries,Europe & Central Asia
AUS,Australia,AU,Australia,High income,High income countries,East Asia & Pacific
NAM,Namibia,NA,Namibia,Upper middle income,Middle income countries,Sub-Saharan Africa
RWA,Rwanda,RW,Rwanda,Low income,Low income countries,Sub-Saharan Africa
SEN,Senegal,SN,Senegal,Lower middle income,Middle income countries,Sub-Saharan Africa
LTU,Lithuania,LT,Lithuania,High income,High income countries,Europe & Central Asia
ZMB,Zambia,ZM,Zambia,Lower middle income,Middle income countries,Sub-Saharan Africa
TTO,Trinidad and Tobago,TT,Trinidad and Tobago,High income,High income countries,Latin America & Caribbean
ESP,Spain,ES,Spain,High income,High income countries,Europe & Central Asia
CAF,Central African Republic (the),CF,Central African Republic,Low income,Low income countries,Sub-Saharan Africa
CUB,Cuba,CU,Cuba,Upper middle income,Middle income countries,Latin America & Caribbean
BHS,Bahamas (the),BS,"Bahamas, The",High income,High income countries,Latin America & Caribbean
ETH,Ethiopia,ET,Ethiopia,Low income,Low income countries,Sub-Saharan Africa
TUN,Tunisia,TN,Tunisia,Lower middle income,Middle income countries,Middle East & North Africa
LCA,Saint Lucia,LC,St. Lucia,Upper middle income,Middle income countries,Latin America & Caribbean
KHM,Cambodia,KH,Cambodia,Lower middle income,Middle income countries,East Asia & Pacific
LBR,Liberia,LR,Liberia,Low income,Low income countries,Sub-Saharan Africa
GAB,Gabon,GA,Gabon,Upper middle income,Middle income countries,Sub-Saharan Africa
SDN,Sudan (the),SD,Sudan,Low income,Low income countries,Sub-Saharan Africa
GRC,Greece,GR,Greece,High income,High income countries,Europe & Central Asia
NER,Niger (the),NE,Niger,Low income,Low income countries,Sub-Saharan Africa
SYR,Syrian Arab Republic,SY,Syrian Arab Republic,Low income,Low income countries,Middle East & North Africa
MNP,Northern Mariana Islands (the),MP,Northern Mariana Islands,High income,High income countries,East Asia & Pacific
ARG,Argentina,AR,Argentina,Upper middle income,Middle income countries,Latin America & Caribbean
CHE,Switzerland,CH,Switzerland,High income,High income countries,Europe & Central Asia
BMU,Bermuda,BM,Bermuda,High income,High income countries,North America
SSD,South Sudan,SS,South Sudan,Low income,Low income countries,Sub-Saharan Africa
JPN,Japan,JP,Japan,High income,High income countries,East Asia & Pacific
KAZ,Kazakhstan,KZ,Kazakhstan,Upper middle income,Middle income countries,Europe & Central Asia
COM,Comoros (the),KM,Comoros,Lower middle income,Middle income countries,Sub-Saharan Africa
FRA,France,FR,France,High income,High income countries,Europe & Central Asia
GNQ,Equatorial Guinea,GQ,Equatorial Guinea,Upper middle income,Middle income countries,Sub-Saharan Africa
GHA,Ghana,GH,Ghana,Lower middle income,Middle income countries,Sub-Saharan Africa
PRK,Korea (the Democratic People's Republic of),KP,"Korea, Dem. People’s Rep.",Low income,Low income countries,East Asia & Pacific
BIH,Bosnia and Herzegovina,BA,Bosnia and Herzegovina,Upper middle income,Middle income countries,Europe & Central Asia
VNM,Viet Nam,VN,Vietnam,Lower middle income,Middle income countries,East Asia & Pacific
CZE,Czechia,CZ,Czech Republic,High income,High income countries,Europe & Central Asia
KGZ,Kyrgyzstan,KG,Kyrgyz Republic,Lower middle income,Middle income countries,Europe & Central Asia
AUT,Austria,AT,Austria,High income,High income countries,Europe & Central Asia
TZA,"Tanzania, United Republic of",TZ,Tanzania,Lower middle income,Middle income countries,Sub-Saharan Africa
SRB,Serbia,RS,Serbia,Upper middle income,Middle income countries,Europe & Central Asia
TWN,Taiwan,TW,Taiwan,High income,High income countries,East Asia & Pacific
VCT,Saint Vincent and the Grenadines,VC,St. Vincent and the Grenadines,Upper middle income,Middle income countries,Latin America & Caribbean
YEM,Yemen,YE,"Yemen, Rep.",Low income,Low income countries,Middle East & North Africa
CYP,Cyprus,CY,Cyprus,High income,High income countries,Europe & Central Asia
SGP,Singapore,SG,Singapore,High income,High income countries,East Asia & Pacific
SUR,Suriname,SR,Suriname,Upper middle income,Middle income countries,Latin America & Caribbean
DMA,Dominica,DM,Dominica,Upper middle income,Middle income countries,Latin America & Caribbean
STP,Sao Tome and Principe,ST,Sao Tome and Principe,Lower middle income,Middle income countries,Sub-Saharan Africa
GTM,Guatemala,GT,Guatemala,Upper middle income,Middle income countries,Latin America & Caribbean
NPL,Nepal,NP,Nepal,Lower middle income,Middle income countries,South Asia
PRY,Paraguay,PY,Paraguay,Upper middle income,Middle income countries,Latin America & Caribbean
SWZ,Eswatini,SZ,Eswatini,Lower middle income,Middle income countries,Sub-Saharan Africa
GRD,Grenada,GD,Grenada,Upper middle income,Middle income countries,Latin America & Caribbean
JOR,Jordan,JO,Jordan,Upper middle income,Middle income countries,Middle East & North Africa
CHL,Chile,CL,Chile,High income,High income countries,Latin America & Caribbean
ATG,Antigua and Barbuda,AG,Antigua and Barbuda,High income,High income countries,Latin America & Caribbean
ISL,Iceland,IS,Iceland,High income,High income countries,Europe & Central Asia
SLB,Solomon Islands,SB,Solomon Islands,Lower middle income,Middle income countries,East Asia & Pacific
SWE,Sweden,SE,Sweden,High income,High income countries,Europe & Central Asia
